store_nbr,city,state,total_sales
44,Quito,Pichincha,63356137.229999
45,Quito,Pichincha,55689022.00246
47,Quito,Pichincha,52024475.956001
3,Quito,Pichincha,51533528.135851
49,Quito,Pichincha,44346822.760066
46,Quito,Pichincha,42804727.2936452
48,Quito,Pichincha,36741804.0998165
51,Guayaquil,Guayas,33603861.277346
8,Quito,Pichincha,31124067.145029
50,Ambato,Tungurahua,29273750.9965743
